player_id,player_name,team,role,batting_style,bowling_style
1,A Ashish Reddy,Sunrisers Hyderabad,"All-rounder (Right-hand bat, right-arm medium)",Right-hand bat,Right-arm medium
2,A Badoni,Lucknow Super Giants,Batter (Right-hand),Right-hand bat,
3,A Chandila,Rajasthan Royals,Spin Bowler (Right-arm off-spin),Right-hand bat,Right-arm off-spin
4,A Chopra,Delhi Daredevils,Batter (Right-hand),Right-hand bat,
5,A Choudhary,Rajasthan Royals,Fast Bowler (Left-arm medium-fast),Left-hand bat,Left-arm medium-fast
6,A Dananjaya,Mumbai Indians,Spin Bowler (Right-arm off-spin),Right-hand bat,Right-arm off-spin
7,A Flintoff,Chennai Super Kings,"All-rounder (Right-hand bat, right-arm fast)",Right-hand bat,Right-arm fast
8,A Kamboj,Delhi Daredevils,Batter (Right-hand),Right-hand bat,
9,A Kumble,Royal Challengers Bangalore,Spin Bowler (Right-arm leg-spin),Right-hand bat,Right-arm leg-spin
10,A Manohar,Gujarat Titans,Batter (Right-hand),Right-hand bat,
11,A Mishra,Delhi Capitals,Spin Bowler (Right-arm leg-spin),Right-hand bat,Right-arm leg-spin
12,A Mithun,Royal Challengers Bangalore,Fast Bowler (Right-arm medium-fast),Right-hand bat,Right-arm medium-fast
13,A Mukund,Royal Challengers Bangalore,Batter (Left-hand),Left-hand bat,
14,A Nehra,Gujarat Lions,Fast Bowler (Left-arm medium-fast),Left-hand bat,Left-arm medium-fast
15,A Nel,Delhi Daredevils,Fast Bowler (Right-arm fast),Right-hand bat,Right-arm fast
16,A Nortje,Delhi Capitals,Fast Bowler (Right-arm fast),Right-hand bat,Right-arm fast
17,A Raghuvanshi,Delhi Capitals,Batter (Right-hand),Right-hand bat,
18,A Singh,Mumbai Indians,Fast Bowler (Right-arm medium-fast),Right-hand bat,Right-arm medium-fast
19,A Symonds,Deccan Chargers,"All-rounder (Right-hand bat, right-arm medium)",Right-hand bat,Right-arm medium
20,A Tomar,Rajasthan Royals,Batter (Right-hand),Right-hand bat,
21,A Uniyal,Rajasthan Royals,Fast Bowler (Left-arm medium-fast),Left-hand bat,Left-arm medium-fast
22,A Zampa,Royal Challengers Bangalore,Spin Bowler (Right-arm leg-spin),Right-hand bat,Right-arm leg-spin
23,AA Bilakhia,Mumbai Indians,Batter (Right-hand),Right-hand bat,
24,AA Chavan,Rajasthan Royals,Spin Bowler (Left-arm orthodox),Right-hand bat,Left-arm orthodox
25,AA Jhunjhunwala,Rajasthan Royals,Batter (Left-hand),Left-hand bat,
26,AA Kazi,Rajasthan Royals,"All-rounder (Left-hand bat, left-arm orthodox)",Left-hand bat,Left-arm orthodox
27,AA Kulkarni,Mumbai Indians,Fast Bowler (Right-arm medium-fast),Right-hand bat,Right-arm medium-fast
28,AA Noffke,Royal Challengers Bangalore,"All-rounder (Right-hand bat, right-arm medium-fast)",Right-hand bat,Right-arm medium-fast
29,AB Agarkar,Kolkata Knight Riders,Fast Bowler (Right-arm fast-medium),Right-hand bat,Right-arm fast-medium
30,AB Barath,Chennai Super Kings,Batter (Right-hand),Right-hand bat,
31,AB de Villiers,Royal Challengers Bangalore,Batter (Right-hand),Right-hand bat,
32,AB Dinda,Pune Warriors India,Fast Bowler (Right-arm fast-medium),Right-hand bat,Right-arm fast-medium
33,AB McDonald,Delhi Daredevils,"All-rounder (Right-hand bat, right-arm medium-fast)",Right-hand bat,Right-arm medium-fast
34,Abdul Basith,Rajasthan Royals,Batter (Right-hand),Right-hand bat,
35,Abdul Samad,Sunrisers Hyderabad,"All-rounder (Right-hand bat, right-arm leg-spin)",Right-hand bat,Right-arm leg-spin
36,Abdur Razzak,Royal Challengers Bangalore,Spin Bowler (Left-arm orthodox),Left-hand bat,Left-arm orthodox
37,Abhishek Sharma,Sunrisers Hyderabad,"All-rounder (Left-hand bat, left-arm orthodox)",Left-hand bat,Left-arm orthodox
38,Abishek Porel,Delhi Capitals,Wicket-keeper (Left-hand bat),Left-hand bat,
39,AC Blizzard,Mumbai Indians,Batter (Left-hand),Left-hand bat,
40,AC Gilchrist,Kings XI Punjab,Wicket-keeper (Left-hand bat),Left-hand bat,
41,AC Thomas,Deccan Chargers,Fast Bowler (Right-arm fast),Right-hand bat,Right-arm fast
42,AC Voges,Rajasthan Royals,Batter (Right-hand),Right-hand bat,
43,AD Hales,Sunrisers Hyderabad,Batter (Right-hand),Right-hand bat,
44,AD Mascarenhas,Rajasthan Royals,"All-rounder (Right-hand bat, right-arm medium-fast)",Right-hand bat,Right-arm medium-fast
45,AD Mathews,Kolkata Knight Riders,"All-rounder (Right-hand bat, right-arm medium-fast)",Right-hand bat,Right-arm medium-fast
46,AD Nath,Gujarat Titans,Batter (Right-hand),Right-hand bat,
47,AD Russell,Kolkata Knight Riders,"All-rounder (Right-hand bat, right-arm fast)",Right-hand bat,Right-arm fast
48,AF Milne,Royal Challengers Bangalore,Fast Bowler (Right-arm fast),Right-hand bat,Right-arm fast
49,AG Murtaza,Pune Warriors India,Spin Bowler (Left-arm orthodox),Left-hand bat,Left-arm orthodox
50,AG Paunikar,Rajasthan Royals,Wicket-keeper (Right-hand bat),Right-hand bat,
51,AJ Finch,Gujarat Lions,Batter (Right-hand),Right-hand bat,
52,AJ Hosein,Sunrisers Hyderabad,Spin Bowler (Left-arm orthodox),Left-hand bat,Left-arm orthodox
53,AJ Turner,Rajasthan Royals,"All-rounder (Right-hand bat, right-arm off-spin)",Right-hand bat,Right-arm off-spin
54,AJ Tye,Rajasthan Royals,Fast Bowler (Right-arm fast-medium),Right-hand bat,Right-arm fast-medium
55,AK Markram,Sunrisers Hyderabad,Batter (Right-hand),Right-hand bat,
56,Akash Deep,Royal Challengers Bangalore,Fast Bowler (Right-arm fast-medium),Right-hand bat,Right-arm fast-medium
57,Akash Madhwal,Mumbai Indians,Fast Bowler (Right-arm fast-medium),Right-hand bat,Right-arm fast-medium
58,Akash Singh,Rajasthan Royals,Fast Bowler (Left-arm medium-fast),Left-hand bat,Left-arm medium-fast
59,AL Menaria,Rajasthan Royals,Batter (Left-hand),Left-hand bat,
60,AM Nayar,Mumbai Indians,"All-rounder (Left-hand bat, right-arm medium)",Left-hand bat,Right-arm medium
61,AM Rahane,Chennai Super Kings,Batter (Right-hand),Right-hand bat,
62,AM Salvi,Delhi Daredevils,Fast Bowler (Right-arm medium-fast),Right-hand bat,Right-arm medium-fast
63,Aman Hakim Khan,Kolkata Knight Riders,"All-rounder (Right-hand bat, right-arm medium-fast)",Right-hand bat,Right-arm medium-fast
64,AN Ahmed,Royal Challengers Bangalore,"All-rounder (Right-hand bat, right-arm medium-fast)",Right-hand bat,Right-arm medium-fast
65,AN Ghosh,Delhi Capitals,Wicket-keeper (Right-hand bat),Right-hand bat,
66,Anand Rajan,Deccan Chargers,Fast Bowler (Right-arm medium),Right-hand bat,Right-arm medium
67,Anirudh Singh,Deccan Chargers,Batter (Right-hand),Right-hand bat,
68,Ankit Sharma,Rajasthan Royals,"All-rounder (Left-hand bat, left-arm orthodox)",Left-hand bat,Left-arm orthodox
69,Ankit Soni,Gujarat Lions,Spin Bowler (Right-arm leg-spin),Right-hand bat,Right-arm leg-spin
70,Anmolpreet Singh,Mumbai Indians,Batter (Right-hand),Right-hand bat,
71,Anuj Rawat,Royal Challengers Bangalore,Wicket-keeper (Left-hand bat),Left-hand bat,
72,Anureet Singh,Kings XI Punjab,Fast Bowler (Right-arm medium-fast),Right-hand bat,Right-arm medium-fast
73,AP Dole,Rajasthan Royals,Fast Bowler (Right-arm medium-fast),Right-hand bat,Right-arm medium-fast
74,AP Majumdar,Pune Warriors India,Batter (Right-hand),Right-hand bat,
75,AP Tare,Mumbai Indians,Wicket-keeper (Right-hand bat),Right-hand bat,
76,AR Bawne,Delhi Capitals,Batter (Right-hand),Right-hand bat,
77,AR Patel,Delhi Capitals,"All-rounder (Left-hand bat, left-arm orthodox)",Left-hand bat,Left-arm orthodox
78,Arjun Tendulkar,Mumbai Indians,Fast Bowler (Left-arm medium-fast),Left-hand bat,Left-arm medium-fast
79,Arshad Khan,Mumbai Indians,Fast Bowler (Left-arm medium-fast),Left-hand bat,Left-arm medium-fast
80,Arshad Khan (2),Mumbai Indians,Batter (Right-hand),Right-hand bat,
81,Arshdeep Singh,Punjab Kings,Fast Bowler (Left-arm medium-fast),Left-hand bat,Left-arm medium-fast
82,AS Joseph,Mumbai Indians,Fast Bowler (Right-arm fast),Right-hand bat,Right-arm fast
83,AS Rajpoot,Rajasthan Royals,Fast Bowler (Right-arm fast-medium),Right-hand bat,Right-arm fast-medium
84,AS Raut,Pune Warriors India,Batter (Right-hand),Right-hand bat,
85,AS Roy,Delhi Daredevils,Batter (Right-hand),Right-hand bat,
86,AS Yadav,Mumbai Indians,Spin Bowler (Right-arm leg-spin),Right-hand bat,Right-arm leg-spin
87,Ashutosh Sharma,Rajasthan Royals,Batter (Right-hand),Right-hand bat,
88,AT Carey,Delhi Capitals,Wicket-keeper (Left-hand bat),Left-hand bat,
89,AT Rayudu,Chennai Super Kings,Batter (Right-hand),Right-hand bat,
90,Atharva Taide,Punjab Kings,"All-rounder (Left-hand bat, left-arm orthodox)",Left-hand bat,Left-arm orthodox
91,AU Rashid,Sunrisers Hyderabad,Spin Bowler (Right-arm leg-spin),Right-hand bat,Right-arm leg-spin
92,AUK Pathan,Delhi Daredevils,"All-rounder (Left-hand bat, left-arm medium-fast)",Left-hand bat,Left-arm medium-fast
93,Avesh Khan,Lucknow Super Giants,Fast Bowler (Right-arm fast-medium),Right-hand bat,Right-arm fast-medium
94,Azhar Mahmood,Kings XI Punjab,"All-rounder (Right-hand bat, right-arm medium-fast)",Right-hand bat,Right-arm medium-fast
95,Azmatullah Omarzai,Lucknow Super Giants,"All-rounder (Right-hand bat, right-arm medium-fast)",Right-hand bat,Right-arm medium-fast
96,B Akhil,Royal Challengers Bangalore,"All-rounder (Right-hand bat, right-arm medium)",Right-hand bat,Right-arm medium
97,B Chipli,Deccan Chargers,Batter (Right-hand),Right-hand bat,
98,B Geeves,Delhi Daredevils,Fast Bowler (Right-arm medium-fast),Right-hand bat,Right-arm medium-fast
99,B Indrajith,Delhi Daredevils,Wicket-keeper (Right-hand bat),Right-hand bat,
100,B Kumar,Sunrisers Hyderabad,Fast Bowler (Right-arm medium-fast),Right-hand bat,Right-arm medium-fast
101,B Laughlin,Rajasthan Royals,Fast Bowler (Right-arm medium-fast),Right-hand bat,Right-arm medium-fast
102,B Lee,Kolkata Knight Riders,Fast Bowler (Right-arm fast),Right-hand bat,Right-arm fast
103,B Sai Sudharsan,Gujarat Titans,Batter (Left-hand),Left-hand bat,
104,B Stanlake,Sunrisers Hyderabad,Fast Bowler (Right-arm fast),Right-hand bat,Right-arm fast
105,B Sumanth,Sunrisers Hyderabad,Batter (Right-hand),Right-hand bat,
106,BA Bhatt,Gujarat Lions,Spin Bowler (Left-arm orthodox),Left-hand bat,Left-arm orthodox
107,BA Stokes,Rajasthan Royals,"All-rounder (Left-hand bat, right-arm fast-medium)",Left-hand bat,Right-arm fast-medium
108,Basil Thampi,Sunrisers Hyderabad,Fast Bowler (Right-arm fast-medium),Right-hand bat,Right-arm fast-medium
109,BAW Mendis,Kolkata Knight Riders,Spin Bowler (Right-arm leg-spin),Right-hand bat,Right-arm leg-spin
110,BB McCullum,Kolkata Knight Riders,Batter (Right-hand),Right-hand bat,
111,BB Samantray,Sunrisers Hyderabad,Batter (Right-hand),Right-hand bat,
112,BB Sran,Sunrisers Hyderabad,Fast Bowler (Left-arm medium-fast),Left-hand bat,Left-arm medium-fast
113,BCJ Cutting,Mumbai Indians,"All-rounder (Right-hand bat, right-arm fast-medium)",Right-hand bat,Right-arm fast-medium
114,BE Hendricks,Kings XI Punjab,Fast Bowler (Left-arm fast-medium),Left-hand bat,Left-arm fast-medium
115,Bipul Sharma,Sunrisers Hyderabad,"All-rounder (Left-hand bat, left-arm orthodox)",Left-hand bat,Left-arm orthodox
116,BJ Haddin,Kolkata Knight Riders,Wicket-keeper (Right-hand bat),Right-hand bat,
117,BJ Hodge,Rajasthan Royals,Batter (Right-hand),Right-hand bat,
118,BJ Rohrer,Delhi Daredevils,Batter (Right-hand),Right-hand bat,
119,BMAJ Mendis,Kolkata Knight Riders,Spin Bowler (Right-arm leg-spin),Right-hand bat,Right-arm leg-spin
120,BR Dunk,Mumbai Indians,Wicket-keeper (Left-hand bat),Left-hand bat,
121,BR Sharath,Royal Challengers Bangalore,Wicket-keeper (Right-hand bat),Right-hand bat,
122,BW Hilfenhaus,Chennai Super Kings,Fast Bowler (Right-arm fast-medium),Right-hand bat,Right-arm fast-medium
123,C de Grandhomme,Royal Challengers Bangalore,"All-rounder (Right-hand bat, right-arm medium-fast)",Right-hand bat,Right-arm medium-fast
124,C Ganapathy,Chennai Super Kings,Fast Bowler (Right-arm medium-fast),Right-hand bat,Right-arm medium-fast
125,C Green,Mumbai Indians,"All-rounder (Right-hand bat, right-arm medium-fast)",Right-hand bat,Right-arm medium-fast
126,C Madan,Delhi Daredevils,Fast Bowler (Right-arm medium-fast),Right-hand bat,Right-arm medium-fast
127,C Munro,Delhi Daredevils,Batter (Left-hand),Left-hand bat,
128,C Nanda,Mumbai Indians,Spin Bowler (Right-arm leg-spin),Right-hand bat,Right-arm leg-spin
129,C Sakariya,Rajasthan Royals,Fast Bowler (Left-arm medium-fast),Right-hand bat,Left-arm medium-fast
130,CA Ingram,Delhi Capitals,Batter (Left-hand),Left-hand bat,
131,CA Lynn,Mumbai Indians,Batter (Right-hand),Right-hand bat,
132,CA Pujara,Kings XI Punjab,Batter (Right-hand),Right-hand bat,
133,CH Gayle,Royal Challengers Bangalore,Batter (Left-hand),Left-hand bat,
134,CH Morris,Delhi Capitals,"All-rounder (Right-hand bat, right-arm fast-medium)",Right-hand bat,Right-arm fast-medium
135,CJ Anderson,Delhi Daredevils,"All-rounder (Left-hand bat, right-arm medium-fast)",Left-hand bat,Right-arm medium-fast
136,CJ Dala,Delhi Capitals,Fast Bowler (Right-arm medium-fast),Right-hand bat,Right-arm medium-fast
137,CJ Ferguson,Kolkata Knight Riders,Fast Bowler (Right-arm fast),Right-hand bat,Right-arm fast
138,CJ Green,Mumbai Indians,"All-rounder (Right-hand bat, right-arm medium-fast)",Right-hand bat,Right-arm medium-fast
139,CJ Jordan,Punjab Kings,Fast Bowler (Right-arm fast),Right-hand bat,Right-arm fast
140,CJ McKay,Mumbai Indians,Fast Bowler (Right-arm medium-fast),Right-hand bat,Right-arm medium-fast
141,CK Kapugedera,Chennai Super Kings,Batter (Right-hand),Right-hand bat,
142,CK Langeveldt,Kolkata Knight Riders,Fast Bowler (Right-arm fast-medium),Right-hand bat,Right-arm fast-medium
143,CL White,Royal Challengers Bangalore,Batter (Right-hand),Right-hand bat,
144,CM Gautam,Royal Challengers Bangalore,Wicket-keeper (Right-hand bat),Right-hand bat,
145,CR Brathwaite,Delhi Capitals,"All-rounder (Right-hand bat, right-arm fast-medium)",Right-hand bat,Right-arm fast-medium
146,CR Woakes,Delhi Capitals,"All-rounder (Right-hand bat, right-arm fast-medium)",Right-hand bat,Right-arm fast-medium
147,CRD Fernando,Mumbai Indians,Fast Bowler (Right-arm fast),Right-hand bat,Right-arm fast
148,CV Varun,Kolkata Knight Riders,Spin Bowler (Right-arm leg-spin),Right-hand bat,Right-arm leg-spin
149,D Brevis,Mumbai Indians,Batter (Right-hand),Right-hand bat,
150,D du Preez,Royal Challengers Bangalore,Batter (Right-hand),Right-hand bat,
151,D Ferreira,Chennai Super Kings,"All-rounder (Right-hand bat, right-arm medium-fast)",Right-hand bat,Right-arm medium-fast
152,D Jansen,Mumbai Indians,Fast Bowler (Left-arm fast-medium),Right-hand bat,Left-arm fast-medium
153,D Kalyankrishna,Deccan Chargers,Fast Bowler (Right-arm medium),Right-hand bat,Right-arm medium
154,D Padikkal,Royal Challengers Bangalore,Batter (Left-hand),Left-hand bat,
155,D Pretorius,Chennai Super Kings,"All-rounder (Right-hand bat, right-arm medium-fast)",Right-hand bat,Right-arm medium-fast
156,D Salunkhe,Rajasthan Royals,"All-rounder (Right-hand bat, right-arm leg-spin)",Right-hand bat,Right-arm leg-spin
157,D Wiese,Royal Challengers Bangalore,"All-rounder (Right-hand bat, right-arm medium-fast)",Right-hand bat,Right-arm medium-fast
158,DA Miller,Gujarat Titans,Batter (Left-hand),Left-hand bat,
159,DA Warner,Delhi Capitals,Batter (Left-hand),Left-hand bat,
160,DAJ Bracewell,Delhi Daredevils,"All-rounder (Right-hand bat, right-arm medium-fast)",Right-hand bat,Right-arm medium-fast
161,DB Das,Pune Warriors India,Batter (Right-hand),Right-hand bat,
162,DB Ravi Teja,Deccan Chargers,Batter (Right-hand),Right-hand bat,
163,DE Bollinger,Chennai Super Kings,Fast Bowler (Left-arm fast-medium),Left-hand bat,Left-arm fast-medium
164,DG Nalkande,Punjab Kings,Fast Bowler (Right-arm fast-medium),Right-hand bat,Right-arm fast-medium
165,DH Yagnik,Rajasthan Royals,Wicket-keeper (Left-hand bat),Left-hand bat,
166,Dhruv Jurel,Rajasthan Royals,Wicket-keeper (Right-hand bat),Right-hand bat,
167,DJ Bravo,Chennai Super Kings,"All-rounder (Right-hand bat, right-arm fast-medium)",Right-hand bat,Right-arm fast-medium
168,DJ Harris,Kolkata Knight Riders,"All-rounder (Right-hand bat, right-arm fast-medium)",Right-hand bat,Right-arm fast-medium
169,DJ Hooda,Rajasthan Royals,"All-rounder (Right-hand bat, right-arm off-spin)",Right-hand bat,Right-arm off-spin
170,DJ Hussey,Kings XI Punjab,Batter (Right-hand),Right-hand bat,
171,DJ Jacobs,Mumbai Indians,Wicket-keeper (Right-hand bat),Right-hand bat,
172,DJ Malan,Punjab Kings,Batter (Left-hand),Left-hand bat,
173,DJ Mitchell,Rajasthan Royals,"All-rounder (Right-hand bat, right-arm medium-fast)",Right-hand bat,Right-arm medium-fast
174,DJ Muthuswami,Rajasthan Royals,Fast Bowler (Left-arm medium-fast),Right-hand bat,Left-arm medium-fast
175,DJ Thornely,Mumbai Indians,Batter (Right-hand),Right-hand bat,
176,DJ Willey,Royal Challengers Bangalore,"All-rounder (Left-hand bat, left-arm fast-medium)",Left-hand bat,Left-arm fast-medium
177,DJG Sammy,Sunrisers Hyderabad,"All-rounder (Right-hand bat, right-arm medium-fast)",Right-hand bat,Right-arm medium-fast
178,DJM Short,Rajasthan Royals,Batter (Left-hand),Left-hand bat,
179,DL Chahar,Rajasthan Royals,Fast Bowler (Right-arm medium-fast),Right-hand bat,Right-arm medium-fast
180,DL Vettori,Royal Challengers Bangalore,Spin Bowler (Left-arm orthodox),Left-hand bat,Left-arm orthodox
181,DM Bravo,Chennai Super Kings,Batter (Right-hand),Right-hand bat,
182,DNT Zoysa,Deccan Chargers,Fast Bowler (Left-arm medium-fast),Left-hand bat,Left-arm medium-fast
183,DP Conway,Chennai Super Kings,Batter (Left-hand),Left-hand bat,
184,DP Nannes,Royal Challengers Bangalore,Fast Bowler (Left-arm fast-medium),Right-hand bat,Left-arm fast-medium
185,DP Vijaykumar,Deccan Chargers,Fast Bowler (Right-arm medium),Right-hand bat,Right-arm medium
186,DPMD Jayawardene,Kochi Tuskers Kerala,Batter (Right-hand),Right-hand bat,
187,DR Martyn,Rajasthan Royals,Batter (Right-hand),Right-hand bat,
188,DR Sams,Delhi Capitals,"All-rounder (Left-hand bat, left-arm fast-medium)",Left-hand bat,Left-arm fast-medium
189,DR Shorey,Delhi Daredevils,Batter (Left-hand),Left-hand bat,
190,DR Smith,Rajasthan Royals,Batter (Right-hand),Right-hand bat,
191,DS Kulkarni,Rajasthan Royals,Fast Bowler (Right-arm fast-medium),Right-hand bat,Right-arm fast-medium
192,DS Lehmann,Kings XI Punjab,"All-rounder (Left-hand bat, left-arm orthodox)",Left-hand bat,Left-arm orthodox
193,DT Christian,Royal Challengers Bangalore,"All-rounder (Right-hand bat, right-arm fast-medium)",Right-hand bat,Right-arm fast-medium
194,DT Patil,Royal Challengers Bangalore,"All-rounder (Right-hand bat, right-arm medium)",Right-hand bat,Right-arm medium
195,DW Steyn,Sunrisers Hyderabad,Fast Bowler (Right-arm fast),Right-hand bat,Right-arm fast
196,E Lewis,Mumbai Indians,Batter (Left-hand),Left-hand bat,
197,EJG Morgan,Kolkata Knight Riders,Batter (Left-hand),Left-hand bat,
198,ER Dwivedi,Gujarat Lions,Wicket-keeper (Right-hand bat),Right-hand bat,
199,F Behardien,Delhi Daredevils,"All-rounder (Right-hand bat, right-arm medium)",Right-hand bat,Right-arm medium
200,F du Plessis,Royal Challengers Bangalore,Batter (Right-hand),Right-hand bat,
201,FA Allen,Sunrisers Hyderabad,"All-rounder (Left-hand bat, left-arm orthodox)",Left-hand bat,Left-arm orthodox
202,Fazalhaq Farooqi,Sunrisers Hyderabad,Fast Bowler (Left-arm fast-medium),Left-hand bat,Left-arm fast-medium
203,FH Edwards,Deccan Chargers,Fast Bowler (Right-arm fast),Right-hand bat,Right-arm fast
204,FY Fazal,Mumbai Indians,Batter (Left-hand),Left-hand bat,
205,G Coetzee,Rajasthan Royals,Fast Bowler (Right-arm medium-fast),Right-hand bat,Right-arm medium-fast
206,G Gambhir,Kolkata Knight Riders,Batter (Left-hand),Left-hand bat,
207,Gagandeep Singh,Kings XI Punjab,Fast Bowler (Right-arm medium-fast),Right-hand bat,Right-arm medium-fast
208,GB Hogg,Kolkata Knight Riders,Spin Bowler (Left-arm wrist-spin),Right-hand bat,Left-arm wrist-spin
209,GC Smith,Rajasthan Royals,Batter (Left-hand),Left-hand bat,
210,GC Viljoen,Delhi Daredevils,Fast Bowler (Right-arm fast-medium),Right-hand bat,Right-arm fast-medium
211,GD McGrath,Delhi Daredevils,Fast Bowler (Right-arm fast),Right-hand bat,Right-arm fast
212,GD Phillips,Rajasthan Royals,Batter (Right-hand),Right-hand bat,
213,GH Vihari,Delhi Capitals,"All-rounder (Right-hand bat, right-arm off-spin)",Right-hand bat,Right-arm off-spin
214,GHS Garton,Royal Challengers Bangalore,Fast Bowler (Left-arm fast),Left-hand bat,Left-arm fast
215,GJ Bailey,Kings XI Punjab,Batter (Right-hand),Right-hand bat,
216,GJ Maxwell,Royal Challengers Bangalore,"All-rounder (Right-hand bat, right-arm off-spin)",Right-hand bat,Right-arm off-spin
217,GR Napier,Mumbai Indians,"All-rounder (Right-hand bat, right-arm fast-medium)",Right-hand bat,Right-arm fast-medium
218,GS Sandhu,Kolkata Knight Riders,Fast Bowler (Right-arm medium-fast),Right-hand bat,Right-arm medium-fast
219,Gulbadin Naib,Sunrisers Hyderabad,"All-rounder (Right-hand bat, right-arm medium-fast)",Right-hand bat,Right-arm medium-fast
220,Gurkeerat Singh,Royal Challengers Bangalore,"All-rounder (Right-hand bat, right-arm off-spin)",Right-hand bat,Right-arm off-spin
221,Gurnoor Brar,Punjab Kings,Fast Bowler (Left-arm medium-fast),Left-hand bat,Left-arm medium-fast
222,H Das,Mumbai Indians,Batter (Right-hand),Right-hand bat,
223,H Klaasen,Sunrisers Hyderabad,Wicket-keeper (Right-hand bat),Right-hand bat,
224,H Sharma,Mumbai Indians,Fast Bowler (Right-arm medium-fast),Right-hand bat,Right-arm medium-fast
225,Harbhajan Singh,Mumbai Indians,Spin Bowler (Right-arm off-spin),Right-hand bat,Right-arm off-spin
226,Harmeet Singh,Deccan Chargers,Fast Bowler (Right-arm medium-fast),Right-hand bat,Right-arm medium-fast
227,Harmeet Singh (2),Pune Warriors India,Fast Bowler (Right-arm medium-fast),Right-hand bat,Right-arm medium-fast
228,Harpreet Brar,Punjab Kings,Spin Bowler (Left-arm orthodox),Left-hand bat,Left-arm orthodox
229,Harpreet Singh,Pune Warriors India,Batter (Left-hand),Left-hand bat,
230,Harshit Rana,Kolkata Knight Riders,Fast Bowler (Right-arm medium-fast),Right-hand bat,Right-arm medium-fast
231,HC Brook,Sunrisers Hyderabad,Batter (Right-hand),Right-hand bat,
232,HE van der Dussen,Rajasthan Royals,Batter (Right-hand),Right-hand bat,
233,HF Gurney,Kolkata Knight Riders,Fast Bowler (Left-arm medium-fast),Left-hand bat,Left-arm medium-fast
234,HH Gibbs,Deccan Chargers,Batter (Right-hand),Right-hand bat,
235,HH Pandya,Mumbai Indians,"All-rounder (Right-hand bat, right-arm fast-medium)",Right-hand bat,Right-arm fast-medium
236,HM Amla,Kings XI Punjab,Batter (Right-hand),Right-hand bat,
237,HR Shokeen,Mumbai Indians,Spin Bowler (Right-arm off-spin),Right-hand bat,Right-arm off-spin
238,HV Patel,Royal Challengers Bangalore,Fast Bowler (Right-arm medium-fast),Right-hand bat,Right-arm medium-fast
239,I Malhotra,Deccan Chargers,Batter (Right-hand),Right-hand bat,
240,I Sharma,Delhi Capitals,Fast Bowler (Right-arm fast-medium),Right-hand bat,Right-arm fast-medium
241,I Udana,Royal Challengers Bangalore,Fast Bowler (Left-arm medium-fast),Left-hand bat,Left-arm medium-fast
242,IC Pandey,Delhi Daredevils,Batter (Right-hand),Right-hand bat,
243,IC Porel,Delhi Capitals,Fast Bowler (Right-arm medium-fast),Right-hand bat,Right-arm medium-fast
244,IK Pathan,Sunrisers Hyderabad,"All-rounder (Left-hand bat, left-arm medium-fast)",Left-hand bat,Left-arm medium-fast
245,Imran Tahir,Chennai Super Kings,Spin Bowler (Right-arm leg-spin),Right-hand bat,Right-arm leg-spin
246,Iqbal Abdulla,Kolkata Knight Riders,Spin Bowler (Left-arm orthodox),Left-hand bat,Left-arm orthodox
247,IR Jaggi,Royal Challengers Bangalore,Batter (Right-hand),Right-hand bat,
248,IS Sodhi,Rajasthan Royals,Spin Bowler (Right-arm leg-spin),Right-hand bat,Right-arm leg-spin
249,Ishan Kishan,Mumbai Indians,Wicket-keeper (Left-hand bat),Left-hand bat,
250,J Arunkumar,Royal Challengers Bangalore,Batter (Right-hand),Right-hand bat,
251,J Botha,Kolkata Knight Riders,"All-rounder (Right-hand bat, right-arm off-spin)",Right-hand bat,Right-arm off-spin
252,J Fraser-McGurk,Rajasthan Royals,Batter (Right-hand),Right-hand bat,
253,J Little,Gujarat Titans,Fast Bowler (Left-arm medium-fast),Right-hand bat,Left-arm medium-fast
254,J Suchith,Sunrisers Hyderabad,Spin Bowler (Left-arm orthodox),Left-hand bat,Left-arm orthodox
255,J Syed Mohammad,Royal Challengers Bangalore,Spin Bowler (Left-arm orthodox),Left-hand bat,Left-arm orthodox
256,J Theron,Rajasthan Royals,Fast Bowler (Right-arm fast-medium),Right-hand bat,Right-arm fast-medium
257,J Yadav,Delhi Capitals,Spin Bowler (Right-arm off-spin),Right-hand bat,Right-arm off-spin
258,JA Morkel,Delhi Daredevils,"All-rounder (Right-hand bat, right-arm fast-medium)",Right-hand bat,Right-arm fast-medium
259,JA Richardson,Punjab Kings,Fast Bowler (Right-arm fast),Right-hand bat,Right-arm fast
260,Jalaj S Saxena,Punjab Kings,"All-rounder (Right-hand bat, right-arm off-spin)",Right-hand bat,Right-arm off-spin
261,Jaskaran Singh,Kings XI Punjab,Fast Bowler (Right-arm medium),Right-hand bat,Right-arm medium
262,JC Archer,Rajasthan Royals,Fast Bowler (Right-arm fast),Right-hand bat,Right-arm fast
263,JC Buttler,Rajasthan Royals,Wicket-keeper (Right-hand bat),Right-hand bat,
264,JD Ryder,Pune Warriors India,"All-rounder (Left-hand bat, right-arm medium)",Left-hand bat,Right-arm medium
265,JD Unadkat,Rajasthan Royals,Fast Bowler (Left-arm medium-fast),Right-hand bat,Left-arm medium-fast
266,JDP Oram,Chennai Super Kings,"All-rounder (Left-hand bat, right-arm medium)",Left-hand bat,Right-arm medium
267,JDS Neesham,Punjab Kings,"All-rounder (Left-hand bat, right-arm medium-fast)",Left-hand bat,Right-arm medium-fast
268,JE Root,Rajasthan Royals,Batter (Right-hand),Right-hand bat,
269,JE Taylor,Delhi Daredevils,Batter (Right-hand),Right-hand bat,
270,JEC Franklin,Mumbai Indians,"All-rounder (Left-hand bat, left-arm medium-fast)",Left-hand bat,Left-arm medium-fast
271,JH Kallis,Kolkata Knight Riders,"All-rounder (Right-hand bat, right-arm fast-medium)",Right-hand bat,Right-arm fast-medium
272,JJ Bumrah,Mumbai Indians,Fast Bowler (Right-arm fast),Right-hand bat,Right-arm fast
273,JJ Roy,Delhi Capitals,Batter (Right-hand),Right-hand bat,
274,JJ van der Wath,Royal Challengers Bangalore,Fast Bowler (Right-arm fast-medium),Right-hand bat,Right-arm fast-medium
275,JL Denly,Sunrisers Hyderabad,Batter (Right-hand),Right-hand bat,
276,JL Pattinson,Kolkata Knight Riders,Fast Bowler (Left-arm fast-medium),Left-hand bat,Left-arm fast-medium
277,JM Bairstow,Sunrisers Hyderabad,Wicket-keeper (Right-hand bat),Right-hand bat,
278,JM Kemp,Chennai Super Kings,"All-rounder (Right-hand bat, right-arm medium-fast)",Right-hand bat,Right-arm medium-fast
279,JM Sharma,Mumbai Indians,Fast Bowler (Right-arm medium-fast),Right-hand bat,Right-arm medium-fast
280,JO Holder,Sunrisers Hyderabad,"All-rounder (Right-hand bat, right-arm fast-medium)",Right-hand bat,Right-arm fast-medium
281,Joginder Sharma,Chennai Super Kings,Fast Bowler (Right-arm medium-fast),Right-hand bat,Right-arm medium-fast
282,JP Behrendorff,Mumbai Indians,Fast Bowler (Left-arm fast-medium),Right-hand bat,Left-arm fast-medium
283,JP Duminy,Mumbai Indians,"All-rounder (Left-hand bat, right-arm off-spin)",Left-hand bat,Right-arm off-spin
284,JP Faulkner,Gujarat Lions,"All-rounder (Left-hand bat, left-arm fast-medium)",Left-hand bat,Left-arm fast-medium
285,JPR Scantlebury-Searles,Kolkata Knight Riders,Fast Bowler (Right-arm medium-fast),Right-hand bat,Right-arm medium-fast
286,JR Hazlewood,Royal Challengers Bangalore,Fast Bowler (Right-arm fast-medium),Right-hand bat,Right-arm fast-medium
287,JR Hopes,Delhi Daredevils,"All-rounder (Right-hand bat, right-arm medium-fast)",Right-hand bat,Right-arm medium-fast
288,JR Philippe,Royal Challengers Bangalore,Wicket-keeper (Right-hand bat),Right-hand bat,
289,JW Hastings,Chennai Super Kings,Fast Bowler (Right-arm medium-fast),Right-hand bat,Right-arm medium-fast
290,K Goel,Kings XI Punjab,Batter (Left-hand),Left-hand bat,
291,K Gowtham,Rajasthan Royals,"All-rounder (Right-hand bat, right-arm off-spin)",Right-hand bat,Right-arm off-spin
292,K Kartikeya,Mumbai Indians,Spin Bowler (Left-arm orthodox),Left-hand bat,Left-arm orthodox
293,K Khejroliya,Royal Challengers Bangalore,Fast Bowler (Left-arm medium-fast),Right-hand bat,Left-arm medium-fast
294,K Rabada,Delhi Capitals,Fast Bowler (Right-arm fast),Right-hand bat,Right-arm fast
295,K Santokie,Mumbai Indians,Fast Bowler (Left-arm medium-fast),Right-hand bat,Left-arm medium-fast
296,K Upadhyay,Rajasthan Royals,Fast Bowler (Right-arm medium),Right-hand bat,Right-arm medium
297,K Yadav,Delhi Capitals,Spin Bowler (Left-arm wrist-spin),Left-hand bat,Left-arm wrist-spin
298,KA Jamieson,Royal Challengers Bangalore,Fast Bowler (Right-arm fast),Right-hand bat,Right-arm fast
299,KA Maharaj,Punjab Kings,Spin Bowler (Left-arm orthodox),Right-hand bat,Left-arm orthodox
300,KA Pollard,Mumbai Indians,"All-rounder (Right-hand bat, right-arm medium)",Right-hand bat,Right-arm medium
301,KAJ Roach,Sunrisers Hyderabad,Fast Bowler (Right-arm fast),Right-hand bat,Right-arm fast
302,Kamran Akmal,Rajasthan Royals,Wicketkeeper-Batter (Right-hand),Right-hand bat,
303,Kamran Khan,Rajasthan Royals,Fast Bowler (Left-arm fast),Left-hand bat,Left-arm fast
304,Karanveer Singh,Kings XI Punjab,Spin Bowler (Right-arm leg-spin),Right-hand bat,Right-arm leg-spin
305,Kartik Tyagi,Rajasthan Royals,Fast Bowler (Right-arm fast),Right-hand bat,Right-arm fast
306,KB Arun Karthik,Royal Challengers Bangalore,Batter (Right-hand),Right-hand bat,
307,KC Cariappa,Kolkata Knight Riders,Spin Bowler (Right-arm off-spin),Right-hand bat,Right-arm off-spin
308,KC Sangakkara,Deccan Chargers,Wicketkeeper-Batter (Left-hand),Left-hand bat,
309,KD Karthik,Royal Challengers Bangalore,Wicketkeeper-Batter (Right-hand),Right-hand bat,
310,KH Pandya,Mumbai Indians,"All-rounder (Right-hand bat, right-arm medium)",Right-hand bat,Right-arm medium
311,KJ Abbott,Sunrisers Hyderabad,Fast Bowler (Right-arm fast),Right-hand bat,Right-arm fast
312,KK Ahmed,Sunrisers Hyderabad,Fast Bowler (Right-arm medium-fast),Right-hand bat,Right-arm medium-fast
313,KK Cooper,Rajasthan Royals,"All-rounder (Right-hand bat, right-arm medium)",Right-hand bat,Right-arm medium
314,KK Nair,Rajasthan Royals,Batter (Right-hand),Right-hand bat,
315,KL Nagarkoti,Kolkata Knight Riders,Fast Bowler (Right-arm fast),Right-hand bat,Right-arm fast
316,KL Rahul,Lucknow Super Giants,Batter (Right-hand),Right-hand bat,
317,KM Asif,Chennai Super Kings,Fast Bowler (Right-arm fast),Right-hand bat,Right-arm fast
318,KM Jadhav,Royal Challengers Bangalore,Batter (Right-hand),Right-hand bat,
319,KMA Paul,Delhi Capitals,"All-rounder (Right-hand bat, right-arm medium)",Right-hand bat,Right-arm medium
320,KMDN Kulasekara,Chennai Super Kings,Fast Bowler (Right-arm medium-fast),Right-hand bat,Right-arm medium-fast
321,KP Appanna,Royal Challengers Bangalore,Spin Bowler (Left-arm orthodox),Right-hand bat,Left-arm orthodox
322,KP Pietersen,Delhi Daredevils,Batter (Right-hand),Right-hand bat,
323,KR Mayers,Lucknow Super Giants,"All-rounder (Left-hand bat, right-arm medium)",Left-hand bat,Right-arm medium
324,KR Sen,Rajasthan Royals,Fast Bowler (Right-arm fast),Right-hand bat,Right-arm fast
325,KS Bharat,Delhi Capitals,Wicketkeeper-Batter (Right-hand),Right-hand bat,
326,KS Sharma,Mumbai Indians,Spin Bowler (Left-arm orthodox),Right-hand bat,Left-arm orthodox
327,KS Williamson,Sunrisers Hyderabad,Batter (Right-hand),Right-hand bat,
328,KT Maphaka,Rajasthan Royals,Fast Bowler (Right-arm fast),Right-hand bat,Right-arm fast
329,Kuldeep Yadav,Delhi Capitals,Spin Bowler (Left-arm chinaman),Left-hand bat,Left-arm chinaman
330,Kumar Kushagra,Rajasthan Royals,Wicketkeeper-Batter (Right-hand),Right-hand bat,
331,KV Sharma,Delhi Daredevils,Spin Bowler (Left-arm orthodox),Right-hand bat,Left-arm orthodox
332,KW Richardson,Rajasthan Royals,Fast Bowler (Right-arm fast),Right-hand bat,Right-arm fast
333,L Ablish,Kings XI Punjab,Fast Bowler (Right-arm medium-fast),Right-hand bat,Right-arm medium-fast
334,L Balaji,Kolkata Knight Riders,Fast Bowler (Right-arm medium-fast),Right-hand bat,Right-arm medium-fast
335,L Ngidi,Chennai Super Kings,Fast Bowler (Right-arm fast),Right-hand bat,Right-arm fast
336,L Ronchi,Mumbai Indians,Wicketkeeper-Batter (Right-hand),Right-hand bat,
337,L Wood,Rajasthan Royals,Fast Bowler (Right-arm fast),Right-hand bat,Right-arm fast
338,LA Carseldine,Rajasthan Royals,Batter (Left-hand),Left-hand bat,
339,LA Pomersbach,Kings XI Punjab,Batter (Left-hand),Left-hand bat,
340,Lalit Yadav,Delhi Capitals,"All-rounder (Right-hand bat, right-arm off-spin)",Right-hand bat,Right-arm off-spin
341,LB Williams,Delhi Daredevils,Fast Bowler (Right-arm fast),Right-hand bat,Right-arm fast
342,LE Plunkett,Delhi Daredevils,Fast Bowler (Right-arm fast),Right-hand bat,Right-arm fast
343,LH Ferguson,Kolkata Knight Riders,Fast Bowler (Right-arm fast),Right-hand bat,Right-arm fast
344,LI Meriwala,Delhi Capitals,Fast Bowler (Left-arm medium-fast),Left-hand bat,Left-arm medium-fast
345,Liton Das,Kolkata Knight Riders,Wicketkeeper-Batter (Right-hand),Right-hand bat,
346,LJ Wright,Pune Warriors India,"All-rounder (Right-hand bat, right-arm medium)",Right-hand bat,Right-arm medium
347,LMP Simmons,Mumbai Indians,Batter (Right-hand),Right-hand bat,
348,LPC Silva,Deccan Chargers,Batter (Right-hand),Right-hand bat,
349,LR Shukla,Kolkata Knight Riders,"All-rounder (Right-hand bat, right-arm medium)",Right-hand bat,Right-arm medium
350,LRPL Taylor,Delhi Daredevils,Batter (Right-hand),Right-hand bat,
351,LS Livingstone,Rajasthan Royals,"All-rounder (Right-hand bat, right-arm leg-spin)",Right-hand bat,Right-arm leg-spin
352,M Ashwin,Punjab Kings,Spin Bowler (Right-arm leg-spin),Right-hand bat,Right-arm leg-spin
353,M de Lange,Kolkata Knight Riders,Fast Bowler (Right-arm fast),Right-hand bat,Right-arm fast
354,M Jansen,Mumbai Indians,Fast Bowler (Left-arm fast),Left-hand bat,Left-arm fast
355,M Kaif,Rajasthan Royals,Batter (Right-hand),Right-hand bat,
356,M Kartik,Kolkata Knight Riders,Spin Bowler (Left-arm orthodox),Right-hand bat,Left-arm orthodox
357,M Klinger,Kochi Tuskers Kerala,Batter (Right-hand),Right-hand bat,
358,M Manhas,Delhi Daredevils,Batter (Right-hand),Right-hand bat,
359,M Markande,Mumbai Indians,Spin Bowler (Right-arm leg-spin),Right-hand bat,Right-arm leg-spin
360,M Morkel,Kolkata Knight Riders,Fast Bowler (Right-arm fast),Right-hand bat,Right-arm fast
361,M Muralitharan,Royal Challengers Bangalore,Spin Bowler (Right-arm off-spin),Right-hand bat,Right-arm off-spin
362,M Ntini,Chennai Super Kings,Fast Bowler (Right-arm fast),Right-hand bat,Right-arm fast
363,M Pathirana,Chennai Super Kings,Fast Bowler (Right-arm fast),Right-hand bat,Right-arm fast
364,M Prasidh Krishna,Rajasthan Royals,Fast Bowler (Right-arm fast),Right-hand bat,Right-arm fast
365,M Rawat,Rajasthan Royals,Wicketkeeper-Batter (Right-hand),Right-hand bat,
366,M Shahrukh Khan,Punjab Kings,Batter (Right-hand),Right-hand bat,
367,M Siddharth,Kolkata Knight Riders,Spin Bowler (Left-arm orthodox),Right-hand bat,Left-arm orthodox
368,M Theekshana,Chennai Super Kings,Spin Bowler (Right-arm off-spin),Right-hand bat,Right-arm off-spin
369,M Vijay,Chennai Super Kings,Batter (Right-hand),Right-hand bat,
370,M Vohra,Punjab Kings,Batter (Right-hand),Right-hand bat,
371,MA Agarwal,Punjab Kings,Batter (Right-hand),Right-hand bat,
372,MA Khote,Rajasthan Royals,Spin Bowler (Left-arm orthodox),Right-hand bat,Left-arm orthodox
373,MA Starc,Kolkata Knight Riders,Fast Bowler (Left-arm fast),Right-hand bat,Left-arm fast
374,MA Wood,Rajasthan Royals,Fast Bowler (Right-arm fast),Right-hand bat,Right-arm fast
375,Mandeep Singh,Delhi Capitals,Batter (Right-hand),Right-hand bat,
376,Mashrafe Mortaza,Kolkata Knight Riders,Fast Bowler (Right-arm medium-fast),Right-hand bat,Right-arm medium-fast
377,Mayank Dagar,Punjab Kings,Spin Bowler (Left-arm orthodox),Right-hand bat,Left-arm orthodox
378,MB Parmar,Rajasthan Royals,Batter (Right-hand),Right-hand bat,
379,MC Henriques,Sunrisers Hyderabad,"All-rounder (Right-hand bat, right-arm medium)",Right-hand bat,Right-arm medium
380,MC Juneja,Delhi Daredevils,Batter (Right-hand),Right-hand bat,
381,MD Mishra,Gujarat Lions,Spin Bowler (Right-arm leg-spin),Right-hand bat,Right-arm leg-spin
382,MD Shanaka,Rajasthan Royals,"All-rounder (Right-hand bat, right-arm medium)",Right-hand bat,Right-arm medium
383,MDKJ Perera,Mumbai Indians,Wicketkeeper-Batter (Left-hand),Left-hand bat,
384,MEK Hussey,Chennai Super Kings,Batter (Left-hand),Left-hand bat,
385,MF Maharoof,Delhi Daredevils,"All-rounder (Right-hand bat, right-arm medium)",Right-hand bat,Right-arm medium
386,MG Bracewell,Sunrisers Hyderabad,"All-rounder (Left-hand bat, right-arm medium)",Left-hand bat,Right-arm medium
387,MG Johnson,Kings XI Punjab,Fast Bowler (Left-arm fast),Left-hand bat,Left-arm fast
388,MG Neser,Kings XI Punjab,"All-rounder (Right-hand bat, right-arm medium)",Right-hand bat,Right-arm medium
389,Misbah-ul-Haq,Royal Challengers Bangalore,Batter (Right-hand),Right-hand bat,
390,MJ Clarke,Pune Warriors India,Batter (Right-hand),Right-hand bat,
391,MJ Guptill,Kings XI Punjab,Batter (Right-hand),Right-hand bat,
392,MJ Henry,Kings XI Punjab,Fast Bowler (Right-arm fast),Right-hand bat,Right-arm fast
393,MJ Lumb,Rajasthan Royals,Batter (Left-hand),Left-hand bat,
394,MJ McClenaghan,Mumbai Indians,Fast Bowler (Left-arm fast),Left-hand bat,Left-arm fast
395,MJ Santner,Chennai Super Kings,Spin Bowler (Left-arm orthodox),Left-hand bat,Left-arm orthodox
396,MJ Suthar,Rajasthan Royals,Spin Bowler (Left-arm orthodox),Right-hand bat,Left-arm orthodox
397,MK Lomror,Rajasthan Royals,"All-rounder (Left-hand bat, left-arm orthodox)",Left-hand bat,Left-arm orthodox
398,MK Pandey,Lucknow Super Giants,Batter (Right-hand),Right-hand bat,
399,MK Tiwary,Kings XI Punjab,Batter (Right-hand),Right-hand bat,
400,ML Hayden,Chennai Super Kings,Batter (Left-hand),Left-hand bat,
401,MM Ali,Chennai Super Kings,"All-rounder (Left-hand bat, right-arm off-spin)",Left-hand bat,Right-arm off-spin
402,MM Patel,Chennai Super Kings,Fast Bowler (Right-arm medium),Right-hand bat,Right-arm medium
403,MM Sharma,Chennai Super Kings,Fast Bowler (Right-arm medium-fast),Right-hand bat,Right-arm medium-fast
404,MN Samuels,Pune Warriors India,"All-rounder (Right-hand bat, right-arm off-spin)",Right-hand bat,Right-arm off-spin
405,MN van Wyk,Kolkata Knight Riders,Wicketkeeper-Batter (Right-hand),Right-hand bat,
406,Mohammad Ashraful,Mumbai Indians,Batter (Right-hand),Right-hand bat,
407,Mohammad Asif,Delhi Daredevils,Fast Bowler (Right-arm fast),Right-hand bat,Right-arm fast
408,Mohammad Hafeez,Kolkata Knight Riders,"All-rounder (Right-hand bat, right-arm off-spin)",Right-hand bat,Right-arm off-spin
409,Mohammad Nabi,Sunrisers Hyderabad,"All-rounder (Right-hand bat, right-arm off-spin)",Right-hand bat,Right-arm off-spin
410,Mohammed Shami,Gujarat Titans,Fast Bowler (Right-arm fast),Right-hand bat,Right-arm fast
411,Mohammed Siraj,Royal Challengers Bangalore,Fast Bowler (Right-arm fast),Right-hand bat,Right-arm fast
412,Mohit Rathee,Chennai Super Kings,Fast Bowler (Right-arm medium),Right-hand bat,Right-arm medium
413,Mohsin Khan,Lucknow Super Giants,Fast Bowler (Left-arm fast),Left-hand bat,Left-arm fast
414,Monu Kumar,Chennai Super Kings,Fast Bowler (Right-arm medium),Right-hand bat,Right-arm medium
415,MP Stoinis,Lucknow Super Giants,"All-rounder (Right-hand bat, right-arm medium)",Right-hand bat,Right-arm medium
416,MP Yadav,Mumbai Indians,Spin Bowler (Left-arm orthodox),Right-hand bat,Left-arm orthodox
417,MR Marsh,Delhi Capitals,"All-rounder (Right-hand bat, right-arm medium)",Right-hand bat,Right-arm medium
418,MS Bisla,Kolkata Knight Riders,Wicketkeeper-Batter (Right-hand),Right-hand bat,
419,MS Dhoni,Chennai Super Kings,Wicketkeeper-Batter (Right-hand),Right-hand bat,
420,MS Gony,Kings XI Punjab,Fast Bowler (Right-arm medium-fast),Right-hand bat,Right-arm medium-fast
421,MS Wade,Gujarat Titans,Wicketkeeper-Batter (Left-hand),Left-hand bat,
422,Mujeeb Ur Rahman,Sunrisers Hyderabad,Spin Bowler (Right-arm off-spin),Right-hand bat,Right-arm off-spin
423,Mukesh Choudhary,Chennai Super Kings,Fast Bowler (Left-arm fast),Left-hand bat,Left-arm fast
424,Mukesh Kumar,Delhi Capitals,Fast Bowler (Right-arm medium-fast),Right-hand bat,Right-arm medium-fast
425,Mustafizur Rahman,Delhi Capitals,Fast Bowler (Left-arm fast),Left-hand bat,Left-arm fast
426,MV Boucher,Royal Challengers Bangalore,Wicketkeeper-Batter (Right-hand),Right-hand bat,
427,MW Short,Rajasthan Royals,"All-rounder (Left-hand bat, right-arm off-spin)",Left-hand bat,Right-arm off-spin
428,N Burger,Royal Challengers Bangalore,Fast Bowler (Right-arm medium),Right-hand bat,Right-arm medium
429,N Jagadeesan,Chennai Super Kings,Wicketkeeper-Batter (Right-hand),Right-hand bat,
430,N Pooran,Sunrisers Hyderabad,Wicketkeeper-Batter (Left-hand),Left-hand bat,
431,N Rana,Kolkata Knight Riders,"All-rounder (Left-hand bat, right-arm off-spin)",Left-hand bat,Right-arm off-spin
432,N Saini,Rajasthan Royals,Fast Bowler (Right-arm fast),Right-hand bat,Right-arm fast
433,N Thushara,Chennai Super Kings,Fast Bowler (Left-arm fast),Left-hand bat,Left-arm fast
434,N Wadhera,Mumbai Indians,Batter (Left-hand),Left-hand bat,
435,NA Saini,Rajasthan Royals,Fast Bowler (Right-arm fast),Right-hand bat,Right-arm fast
436,Naman Dhir,Delhi Capitals,Batter (Right-hand),Right-hand bat,
437,Navdeep Saini,Delhi Capitals,Fast Bowler (Right-arm fast),Right-hand bat,Right-arm fast
438,Naveen-ul-Haq,Lucknow Super Giants,Fast Bowler (Right-arm fast),Right-hand bat,Right-arm fast
439,NB Singh,Kings XI Punjab,Fast Bowler (Right-arm medium-fast),Right-hand bat,Right-arm medium-fast
440,ND Doshi,Rajasthan Royals,Spin Bowler (Left-arm orthodox),Left-hand bat,Left-arm orthodox
441,Niraj Patel,Gujarat Lions,Batter (Left-hand),Left-hand bat,
442,Nithish Kumar Reddy,Sunrisers Hyderabad,Batter (Right-hand),Right-hand bat,
443,NJ Maddinson,Royal Challengers Bangalore,Batter (Left-hand),Left-hand bat,
444,NJ Rimmington,Kings XI Punjab,Fast Bowler (Right-arm fast),Right-hand bat,Right-arm fast
445,NL McCullum,Chennai Super Kings,Wicketkeeper-Batter (Left-hand),Left-hand bat,
446,NLTC Perera,Sunrisers Hyderabad,"All-rounder (Left-hand bat, right-arm medium)",Left-hand bat,Right-arm medium
447,NM Coulter-Nile,Rajasthan Royals,Fast Bowler (Right-arm fast),Right-hand bat,Right-arm fast
448,Noor Ahmad,Gujarat Titans,Spin Bowler (Left-arm chinaman),Left-hand bat,Left-arm chinaman
449,NS Naik,Rajasthan Royals,Wicketkeeper-Batter (Right-hand),Right-hand bat,
450,NT Ellis,Punjab Kings,Fast Bowler (Right-arm fast),Right-hand bat,Right-arm fast
451,NV Ojha,Sunrisers Hyderabad,Wicketkeeper-Batter (Left-hand),Left-hand bat,
452,O Thomas,Rajasthan Royals,Fast Bowler (Right-arm fast),Right-hand bat,Right-arm fast
453,OA Shah,Rajasthan Royals,Batter (Right-hand),Right-hand bat,
454,OC McCoy,Rajasthan Royals,Fast Bowler (Left-arm fast),Left-hand bat,Left-arm fast
455,OF Smith,Rajasthan Royals,Fast Bowler (Right-arm medium-fast),Right-hand bat,Right-arm medium-fast
456,P Amarnath,Kings XI Punjab,Fast Bowler (Right-arm medium),Right-hand bat,Right-arm medium
457,P Awana,Kings XI Punjab,Fast Bowler (Right-arm medium-fast),Right-hand bat,Right-arm medium-fast
458,P Chopra,Rajasthan Royals,Spin Bowler (Left-arm orthodox),Left-hand bat,Left-arm orthodox
459,P Dogra,Punjab Kings,Batter (Right-hand),Right-hand bat,
460,P Dubey,Rajasthan Royals,Batter (Right-hand),Right-hand bat,
461,P Kumar,Gujarat Lions,Fast Bowler (Right-arm medium-fast),Right-hand bat,Right-arm medium-fast
462,P Negi,Royal Challengers Bangalore,Spin Bowler (Left-arm orthodox),Left-hand bat,Left-arm orthodox
463,P Parameswaran,Kochi Tuskers Kerala,Fast Bowler (Left-arm medium-fast),Right-hand bat,Left-arm medium-fast
464,P Prasanth,Sunrisers Hyderabad,Fast Bowler (Right-arm medium-fast),Left-hand bat,Right-arm medium-fast
465,P Ray Barman,Royal Challengers Bangalore,"All-rounder (Right-hand bat, right-arm leg-spin)",Right-hand bat,Right-arm leg-spin
466,P Sahu,Gujarat Lions,Spin Bowler (Left-arm orthodox),Right-hand bat,Left-arm orthodox
467,P Simran Singh,Punjab Kings,Wicketkeeper-Batter (Right-hand),Right-hand bat,
468,P Suyal,Delhi Daredevils,Fast Bowler (Left-arm medium-fast),Right-hand bat,Left-arm medium-fast
469,PA Patel,Gujarat Lions,Wicketkeeper-Batter (Left-hand),Left-hand bat,
470,PA Reddy,Sunrisers Hyderabad,Fast Bowler (Right-arm medium-fast),Right-hand bat,Right-arm medium-fast
471,Pankaj Singh,Rajasthan Royals,Fast Bowler (Right-arm medium-fast),Right-hand bat,Right-arm medium-fast
472,Parvez Rasool,Sunrisers Hyderabad,Spin Bowler (Right-arm off-spin),Right-hand bat,Right-arm off-spin
473,PBB Rajapaksa,Punjab Kings,Wicketkeeper-Batter (Left-hand),Left-hand bat,
474,PC Valthaty,Kings XI Punjab,Batter (Right-hand),Right-hand bat,
475,PD Collingwood,Rajasthan Royals,"All-rounder (Right-hand bat, right-arm medium)",Right-hand bat,Right-arm medium
476,PD Salt,Delhi Capitals,Wicketkeeper-Batter (Right-hand),Right-hand bat,
477,PH Solanki,Rajasthan Royals,Spin Bowler (Right-arm off-spin),Right-hand bat,Right-arm off-spin
478,PJ Cummins,Delhi Daredevils,Fast Bowler (Right-arm fast),Right-hand bat,Right-arm fast
479,PJ Sangwan,Gujarat Lions,Fast Bowler (Left-arm medium-fast),Left-hand bat,Left-arm medium-fast
480,PK Garg,Rajasthan Royals,Batter (Right-hand),Right-hand bat,
481,PM Sarvesh Kumar,Chennai Super Kings,Fast Bowler (Right-arm medium-fast),Right-hand bat,Right-arm medium-fast
482,PN Mankad,Royal Challengers Bangalore,"All-rounder (Right-hand bat, right-arm medium-fast)",Right-hand bat,Right-arm medium-fast
483,PP Chawla,Gujarat Lions,Spin Bowler (Left-arm orthodox),Right-hand bat,Left-arm orthodox
484,PP Ojha,Kolkata Knight Riders,Spin Bowler (Left-arm orthodox),Right-hand bat,Left-arm orthodox
485,PP Shaw,Delhi Capitals,Batter (Right-hand),Right-hand bat,
486,PR Shah,Gujarat Lions,Wicketkeeper-Batter (Right-hand),Right-hand bat,
487,PSP Handscomb,Delhi Capitals,Wicketkeeper-Batter (Right-hand),Right-hand bat,
488,PV Tambe,Gujarat Lions,Spin Bowler (Right-arm leg-spin),Right-hand bat,Right-arm leg-spin
489,PVD Chameera,Lucknow Super Giants,Fast Bowler (Right-arm fast),Right-hand bat,Right-arm fast
490,PWH de Silva,Royal Challengers Bangalore,Spin Bowler (Left-arm orthodox),Left-hand bat,Left-arm orthodox
491,Q de Kock,Lucknow Super Giants,Wicketkeeper-Batter (Left-hand),Left-hand bat,
492,R Ashwin,Rajasthan Royals,Spin Bowler (Right-arm off-spin),Right-hand bat,Right-arm off-spin
493,R Bhatia,Kolkata Knight Riders,"All-rounder (Right-hand bat, right-arm medium)",Right-hand bat,Right-arm medium
494,R Bishnoi,Lucknow Super Giants,Spin Bowler (Right-arm leg-spin),Right-hand bat,Right-arm leg-spin
495,R Dhawan,Delhi Daredevils,"All-rounder (Right-hand bat, right-arm medium)",Right-hand bat,Right-arm medium
496,R Dravid,Rajasthan Royals,Batter (Right-hand),Right-hand bat,
497,R Goyal,Rajasthan Royals,Fast Bowler (Left-arm medium),Left-hand bat,Left-arm medium
498,R McLaren,Kings XI Punjab,"All-rounder (Right-hand bat, right-arm medium)",Right-hand bat,Right-arm medium
499,R Ninan,Royal Challengers Bangalore,Spin Bowler (Left-arm orthodox),Right-hand bat,Left-arm orthodox
500,R Parag,Rajasthan Royals,"All-rounder (Right-hand bat, right-arm off-spin)",Right-hand bat,Right-arm off-spin
501,R Powell,Delhi Capitals,"All-rounder (Right-hand bat, right-arm medium)",Right-hand bat,Right-arm medium
502,R Rampaul,Royal Challengers Bangalore,Fast Bowler (Left-arm fast-medium),Right-hand bat,Left-arm fast-medium
503,R Ravindra,Royal Challengers Bangalore,"All-rounder (Left-hand bat, left-arm orthodox)",Left-hand bat,Left-arm orthodox
504,R Sai Kishore,Gujarat Titans,Spin Bowler (Left-arm orthodox),Right-hand bat,Left-arm orthodox
505,R Sanjay Yadav,Mumbai Indians,"All-rounder (Left-hand bat, left-arm orthodox)",Left-hand bat,Left-arm orthodox
506,R Sathish,Chennai Super Kings,"All-rounder (Right-hand bat, right-arm medium)",Right-hand bat,Right-arm medium
507,R Sharma,Mumbai Indians,Batter (Right-hand),Right-hand bat,
508,R Shepherd,Sunrisers Hyderabad,"All-rounder (Right-hand bat, right-arm medium-fast)",Right-hand bat,Right-arm medium-fast
509,R Shukla,Kolkata Knight Riders,Fast Bowler (Right-arm medium-fast),Right-hand bat,Right-arm medium-fast
510,R Tewatia,Gujarat Titans,"All-rounder (Left-hand bat, right-arm leg-spin)",Left-hand bat,Right-arm leg-spin
511,R Vinay Kumar,Mumbai Indians,Fast Bowler (Right-arm medium-fast),Right-hand bat,Right-arm medium-fast
512,RA Bawa,Punjab Kings,"All-rounder (Right-hand bat, right-arm medium-fast)",Right-hand bat,Right-arm medium-fast
513,RA Jadeja,Chennai Super Kings,"All-rounder (Left-hand bat, left-arm orthodox)",Left-hand bat,Left-arm orthodox
514,RA Shaikh,Delhi Daredevils,"All-rounder (Right-hand bat, right-arm medium)",Right-hand bat,Right-arm medium
515,RA Tripathi,Sunrisers Hyderabad,Batter (Right-hand),Right-hand bat,
516,Rahmanullah Gurbaz,Gujarat Titans,Wicketkeeper-Batter (Right-hand),Right-hand bat,
517,Ramandeep Singh,Mumbai Indians,"All-rounder (Right-hand bat, right-arm medium-fast)",Right-hand bat,Right-arm medium-fast
518,Rashid Khan,Gujarat Titans,Spin Bowler (Right-arm leg-spin),Right-hand bat,Right-arm leg-spin
519,Rasikh Salam,Kolkata Knight Riders,Fast Bowler (Right-arm medium-fast),Right-hand bat,Right-arm medium-fast
520,Ravi Bishnoi,Lucknow Super Giants,Spin Bowler (Right-arm leg-spin),Right-hand bat,Right-arm leg-spin
521,RD Chahar,Mumbai Indians,Spin Bowler (Right-arm leg-spin),Right-hand bat,Right-arm leg-spin
522,RD Gaikwad,Chennai Super Kings,Batter (Right-hand),Right-hand bat,
523,RE Levi,Mumbai Indians,Batter (Right-hand),Right-hand bat,
524,RE van der Merwe,Sunrisers Hyderabad,Spin Bowler (Left-arm orthodox),Right-hand bat,Left-arm orthodox
525,RG More,Rajasthan Royals,Spin Bowler (Left-arm orthodox),Right-hand bat,Left-arm orthodox
526,RG Sharma,Mumbai Indians,Batter (Right-hand),Right-hand bat,
527,RJ Gleeson,Royal Challengers Bangalore,Fast Bowler (Right-arm fast),Right-hand bat,Right-arm fast
528,RJ Harris,Kings XI Punjab,Fast Bowler (Right-arm fast-medium),Right-hand bat,Right-arm fast-medium
529,RJ Peterson,Mumbai Indians,Spin Bowler (Left-arm orthodox),Right-hand bat,Left-arm orthodox
530,RJ Quiney,Delhi Daredevils,Batter (Left-hand),Left-hand bat,
531,RJW Topley,Mumbai Indians,Fast Bowler (Left-arm fast-medium),Right-hand bat,Left-arm fast-medium
532,RK Bhui,Sunrisers Hyderabad,Batter (Right-hand),Right-hand bat,
533,RK Singh,Kolkata Knight Riders,"All-rounder (Right-hand bat, right-arm medium)",Right-hand bat,Right-arm medium
534,RM Patidar,Royal Challengers Bangalore,Batter (Right-hand),Right-hand bat,
535,RN ten Doeschate,Kolkata Knight Riders,"All-rounder (Right-hand bat, right-arm medium)",Right-hand bat,Right-arm medium
536,RP Meredith,Punjab Kings,Fast Bowler (Right-arm fast),Right-hand bat,Right-arm fast
537,RP Singh,Deccan Chargers,Fast Bowler (Left-arm fast-medium),Right-hand bat,Left-arm fast-medium
538,RR Bhatkal,Royal Challengers Bangalore,"All-rounder (Right-hand bat, right-arm medium)",Right-hand bat,Right-arm medium
539,RR Bose,Kolkata Knight Riders,Fast Bowler (Right-arm medium),Right-hand bat,Right-arm medium
540,RR Pant,Delhi Capitals,Wicketkeeper Batter (Left-hand),Left-hand bat,
541,Shahbaz Ahmed,Royal Challengers Bangalore,"All-rounder (Left-hand bat, left-arm orthodox)",Left-hand bat,Left-arm orthodox
542,Shahid Afridi,Deccan Chargers,"All-rounder (Right-hand bat, right-arm leg-spin)",Right-hand bat,Right-arm leg-spin
543,Shakib Al Hasan,Kolkata Knight Riders,"All-rounder (Left-hand bat, left-arm orthodox)",Left-hand bat,Left-arm orthodox
544,Shashank Singh,Sunrisers Hyderabad,"All-rounder (Right-hand bat, right-arm medium)",Right-hand bat,Right-arm medium
545,Shivam Mavi,Kolkata Knight Riders,Fast Bowler (Right-arm fast-medium),Right-hand bat,Right-arm fast-medium
546,Shivam Sharma,Delhi Daredevils,Spin Bowler (Right-arm off-spin),Right-hand bat,Right-arm off-spin
547,Shivam Singh,Punjab Kings,"All-rounder (Right-hand bat, right-arm medium)",Right-hand bat,Right-arm medium
548,Shoaib Ahmed,Rajasthan Royals,Fast Bowler (Right-arm fast-medium),Right-hand bat,Right-arm fast-medium
549,Shoaib Akhtar,Kolkata Knight Riders,Fast Bowler (Right-arm fast),Right-hand bat,Right-arm fast
550,Shoaib Malik,Delhi Daredevils,"All-rounder (Right-hand bat, right-arm off-spin)",Right-hand bat,Right-arm off-spin
551,Shubman Gill,Gujarat Titans,Batter (Right-hand),Right-hand bat,
552,Sikandar Raza,Punjab Kings,"All-rounder (Right-hand bat, right-arm off-break)",Right-hand bat,Right-arm off-break
553,Simarjeet Singh,Chennai Super Kings,Fast Bowler (Right-arm fast-medium),Right-hand bat,Right-arm fast-medium
554,SJ Srivastava,Kochi Tuskers Kerala,Fast Bowler (Left-arm fast-medium),Right-hand bat,Left-arm fast-medium
555,SK Raina,Chennai Super Kings,Batter (Left-hand),Left-hand bat,Right-arm off-spin
556,SK Trivedi,Rajasthan Royals,Fast Bowler (Right-arm fast-medium),Right-hand bat,Right-arm fast-medium
557,SK Warne,Rajasthan Royals,Spin Bowler (Right-arm leg-spin),Right-hand bat,Right-arm leg-spin
558,SL Malinga,Mumbai Indians,Fast Bowler (Right-arm fast),Right-hand bat,Right-arm fast
559,SM Boland,Delhi Daredevils,Fast Bowler (Right-arm fast-medium),Right-hand bat,Right-arm fast-medium
560,SM Curran,Chennai Super Kings,"All-rounder (Left-hand bat, left-arm fast-medium)",Left-hand bat,Left-arm fast-medium
561,SM Harwood,Mumbai Indians,Fast Bowler (Right-arm fast),Right-hand bat,Right-arm fast
562,SM Katich,Kolkata Knight Riders,Batter (Left-hand),Left-hand bat,Right-arm off-spin
563,SM Pollock,Mumbai Indians,"All-rounder (Right-hand bat, right-arm fast-medium)",Right-hand bat,Right-arm fast-medium
564,SMSM Senanayake,Kolkata Knight Riders,Spin Bowler (Right-arm off-spin),Right-hand bat,Right-arm off-spin
565,SN Khan,Mumbai Indians,"All-rounder (Right-hand bat, right-arm off-break)",Right-hand bat,Right-arm off-break
566,SN Thakur,Chennai Super Kings,Fast Bowler (Right-arm fast-medium),Right-hand bat,Right-arm fast-medium
567,SO Hetmyer,Rajasthan Royals,Batter (Left-hand),Left-hand bat,
568,Sohail Tanvir,Rajasthan Royals,Fast Bowler (Left-arm fast-medium),Right-hand bat,Left-arm fast-medium
569,SP Fleming,Chennai Super Kings,Batter (Left-hand),Left-hand bat,Right-arm off-spin
570,SP Goswami,Royal Challengers Bangalore,Wicketkeeper Batter (Left-hand),Left-hand bat,
571,SP Jackson,Kolkata Knight Riders,Wicketkeeper Batter (Right-hand),Right-hand bat,
572,SP Narine,Kolkata Knight Riders,Spin Bowler (Right-arm off-spin),Left-hand bat,Right-arm off-spin
573,SPD Smith,Rajasthan Royals,"All-rounder (Right-hand bat, right-arm leg-spin)",Right-hand bat,Right-arm leg-spin
574,SR Tendulkar,Mumbai Indians,Batter (Right-hand),Right-hand bat,Right-arm leg-spin
575,SR Watson,Royal Challengers Bangalore,"All-rounder (Right-hand bat, right-arm fast-medium)",Right-hand bat,Right-arm fast-medium
576,SS Agarwal,Delhi Daredevils,"All-rounder (Right-hand bat, right-arm medium)",Right-hand bat,Right-arm medium
577,SS Cottrell,Punjab Kings,Fast Bowler (Left-arm fast-medium),Right-hand bat,Left-arm fast-medium
578,SS Iyer,Delhi Capitals,Batter (Right-hand),Right-hand bat,
579,SS Mundhe,Chennai Super Kings,"All-rounder (Right-hand bat, right-arm medium)",Right-hand bat,Right-arm medium
580,SS Prabhudessai,Royal Challengers Bangalore,Batter (Right-hand),Right-hand bat,
581,SS Sarkar,Mumbai Indians,"All-rounder (Left-hand bat, left-arm medium)",Left-hand bat,Left-arm medium
582,SS Shaikh,Rajasthan Royals,Batter (Right-hand),Right-hand bat,
583,SS Tiwary,Mumbai Indians,Batter (Left-hand),Left-hand bat,
584,SSB Magala,Chennai Super Kings,Fast Bowler (Right-arm fast-medium),Right-hand bat,Right-arm fast-medium
585,ST Jayasuriya,Mumbai Indians,"All-rounder (Left-hand bat, left-arm orthodox)",Left-hand bat,Left-arm orthodox
586,STR Binny,Rajasthan Royals,"All-rounder (Right-hand bat, right-arm medium)",Right-hand bat,Right-arm medium
587,Sumit Kumar,Punjab Kings,Wicketkeeper Batter (Right-hand),Right-hand bat,
588,Sunny Gupta,Delhi Daredevils,Spin Bowler (Right-arm off-spin),Right-hand bat,Right-arm off-spin
589,Sunny Singh,Punjab Kings,Batter (Right-hand),Right-hand bat,
590,Suyash Sharma,Kolkata Knight Riders,Spin Bowler (Right-arm leg-spin),Right-hand bat,Right-arm leg-spin
591,SV Samson,Rajasthan Royals,Wicketkeeper Batter (Right-hand),Right-hand bat,
592,SW Billings,Chennai Super Kings,Wicketkeeper Batter (Right-hand),Right-hand bat,
593,SW Tait,Rajasthan Royals,Fast Bowler (Right-arm fast),Right-hand bat,Right-arm fast
594,Swapnil Singh,Punjab Kings,Spin Bowler (Left-arm orthodox),Left-hand bat,Left-arm orthodox
595,SZ Mulani,Mumbai Indians,Spin Bowler (Left-arm orthodox),Left-hand bat,Left-arm orthodox
596,T Banton,Kolkata Knight Riders,Batter (Right-hand),Right-hand bat,
597,T Henderson,Rajasthan Royals,"All-rounder (Right-hand bat, right-arm medium)",Right-hand bat,Right-arm medium
598,T Kohler-Cadmore,Rajasthan Royals,Batter (Right-hand),Right-hand bat,
599,T Kohli,Royal Challengers Bangalore,Batter (Right-hand),Right-hand bat,
600,T Natarajan,Sunrisers Hyderabad,Fast Bowler (Left-arm fast-medium),Right-hand bat,Left-arm fast-medium
601,T Shamsi,Rajasthan Royals,Spin Bowler (Left-arm chinaman),Right-hand bat,Left-arm chinaman
602,T Stubbs,Mumbai Indians,Batter (Right-hand),Right-hand bat,
603,T Taibu,Kolkata Knight Riders,Wicketkeeper Batter (Right-hand),Right-hand bat,
604,T Thushara,Chennai Super Kings,Fast Bowler (Left-arm fast-medium),Right-hand bat,Left-arm fast-medium
605,TA Boult,Rajasthan Royals,Fast Bowler (Left-arm fast-medium),Right-hand bat,Left-arm fast-medium
606,Tanush Kotian,Mumbai Indians,Spin Bowler (Right-arm off-spin),Right-hand bat,Right-arm off-spin
607,TD Paine,Pune Warriors India,Wicketkeeper Batter (Right-hand),Right-hand bat,
608,Tejas Baroka,Gujarat Lions,Spin Bowler (Right-arm leg-spin),Right-hand bat,Right-arm leg-spin
609,TG Southee,Kolkata Knight Riders,Fast Bowler (Right-arm fast-medium),Right-hand bat,Right-arm fast-medium
610,TH David,Mumbai Indians,Batter (Right-hand),Right-hand bat,Right-arm off-break
611,Tilak Varma,Mumbai Indians,Batter (Left-hand),Left-hand bat,
612,TK Curran,Delhi Capitals,"All-rounder (Left-hand bat, right-arm fast-medium)",Left-hand bat,Right-arm fast-medium
613,TL Seifert,Kolkata Knight Riders,Wicketkeeper Batter (Right-hand),Right-hand bat,
614,TL Suman,Deccan Chargers,"All-rounder (Right-hand bat, right-arm off-break)",Right-hand bat,Right-arm off-break
615,TM Dilshan,Royal Challengers Bangalore,"All-rounder (Right-hand bat, right-arm off-break)",Right-hand bat,Right-arm off-break
616,TM Head,Royal Challengers Bangalore,Batter (Left-hand),Left-hand bat,Right-arm off-break
617,TM Srivastava,Kochi Tuskers Kerala,Batter (Right-hand),Right-hand bat,
618,TP Sudhindra,Deccan Chargers,Fast Bowler (Right-arm fast-medium),Right-hand bat,Right-arm fast-medium
619,TR Birt,Delhi Daredevils,Batter (Left-hand),Left-hand bat,Right-arm off-break
620,TS Mills,Royal Challengers Bangalore,Fast Bowler (Left-arm fast),Right-hand bat,Left-arm fast
621,TU Deshpande,Chennai Super Kings,Fast Bowler (Right-arm fast-medium),Right-hand bat,Right-arm fast-medium
622,U Kaul,Sunrisers Hyderabad,Wicketkeeper Batter (Right-hand),Right-hand bat,
623,UA Birla,Rajasthan Royals,Batter (Right-hand),Right-hand bat,
624,UBT Chand,Delhi Daredevils,Batter (Right-hand),Right-hand bat,
625,Umar Gul,Kolkata Knight Riders,Fast Bowler (Right-arm fast),Right-hand bat,Right-arm fast
626,Umran Malik,Sunrisers Hyderabad,Fast Bowler (Right-arm fast),Right-hand bat,Right-arm fast
627,UT Khawaja,Rising Pune Supergiant,Batter (Left-hand),Left-hand bat,
628,UT Yadav,Delhi Capitals,Fast Bowler (Right-arm fast),Right-hand bat,Right-arm fast
629,V Kaverappa,Punjab Kings,Fast Bowler (Right-arm medium),Right-hand bat,Right-arm medium
630,V Kohli,Royal Challengers Bangalore,Batter (Right-hand),Right-hand bat,
631,V Pratap Singh,Sunrisers Hyderabad,Fast Bowler (Left-arm fast),Right-hand bat,Left-arm fast
632,V Sehwag,Delhi Daredevils,Batter (Right-hand),Right-hand bat,Right-arm off-spin
633,V Shankar,Sunrisers Hyderabad,"All-rounder (Right-hand bat, right-arm medium)",Right-hand bat,Right-arm medium
634,V Viyaskanth,Colombo Kings,Spin Bowler (Right-arm leg-spin),Right-hand bat,Right-arm leg-spin
635,VG Arora,Punjab Kings,Fast Bowler (Right-arm fast-medium),Right-hand bat,Right-arm fast-medium
636,VH Zol,Royal Challengers Bangalore,Batter (Left-hand),Left-hand bat,
637,Vijaykumar Vyshak,Royal Challengers Bangalore,Fast Bowler (Right-arm fast-medium),Right-hand bat,Right-arm fast-medium
638,Virat Singh,Sunrisers Hyderabad,Batter (Left-hand),Left-hand bat,
639,Vishnu Vinod,Mumbai Indians,Wicketkeeper Batter (Right-hand),Right-hand bat,
640,Vivrant Sharma,Sunrisers Hyderabad,"All-rounder (Left-hand bat, left-arm orthodox)",Left-hand bat,Left-arm orthodox
641,VR Aaron,Gujarat Titans,Fast Bowler (Right-arm fast),Right-hand bat,Right-arm fast
642,VR Iyer,Kolkata Knight Riders,"All-rounder (Left-hand bat, right-arm medium)",Left-hand bat,Right-arm medium
643,VRV Singh,Kings XI Punjab,Fast Bowler (Right-arm fast),Right-hand bat,Right-arm fast
644,VS Malik,Mumbai Indians,"All-rounder (Right-hand bat, right-arm medium-fast)",Right-hand bat,Right-arm medium-fast
645,VS Yeligati,Deccan Chargers,Spin Bowler (Right-arm off-spin),Right-hand bat,Right-arm off-spin
646,VVS Laxman,Deccan Chargers,Batter (Right-hand),Right-hand bat,Right-arm off-spin
647,VY Mahesh,Kolkata Knight Riders,Fast Bowler (Right-arm fast-medium),Right-hand bat,Right-arm fast-medium
648,W Jaffer,Royal Challengers Bangalore,Batter (Right-hand),Right-hand bat,
649,WA Mota,Rajasthan Royals,Fast Bowler (Left-arm fast-medium),Right-hand bat,Left-arm fast-medium
650,Washington Sundar,Sunrisers Hyderabad,"All-rounder (Right-hand bat, right-arm off-spin)",Right-hand bat,Right-arm off-spin
651,WD Parnell,Delhi Capitals,Fast Bowler (Left-arm fast-medium),Left-hand bat,Left-arm fast-medium
652,WG Jacks,Royal Challengers Bangalore,"All-rounder (Right-hand bat, right-arm off-spin)",Right-hand bat,Right-arm off-spin
653,WP Saha,Gujarat Titans,Wicketkeeper Batter (Right-hand),Right-hand bat,
654,WPUJC Vaas,Deccan Chargers,Fast Bowler (Left-arm fast-medium),Left-hand bat,Left-arm fast-medium
655,X Thalaivan Sargunam,Rajasthan Royals,Batter (Right-hand),Right-hand bat,
656,Y Gnaneswara Rao,Deccan Chargers,Batter (Right-hand),Right-hand bat,Right-arm off-break
657,Y Nagar,Delhi Daredevils,"All-rounder (Right-hand bat, right-arm medium-fast)",Right-hand bat,Right-arm medium-fast
658,Y Prithvi Raj,Kolkata Knight Riders,Fast Bowler (Left-arm fast-medium),Right-hand bat,Left-arm fast-medium
659,Y Venugopal Rao,Delhi Daredevils,Batter (Right-hand),Right-hand bat,Right-arm off-break
660,YA Abdulla,Delhi Daredevils,Fast Bowler (Left-arm medium-fast),Left-hand bat,Left-arm medium-fast
661,Yash Dayal,Gujarat Titans,Fast Bowler (Left-arm fast-medium),Right-hand bat,Left-arm fast-medium
662,Yash Thakur,Lucknow Super Giants,Fast Bowler (Right-arm fast-medium),Right-hand bat,Right-arm fast-medium
663,Yashpal Singh,Kolkata Knight Riders,Batter (Right-hand),Right-hand bat,
664,YBK Jaiswal,Rajasthan Royals,Batter (Left-hand),Left-hand bat,
665,YK Pathan,Sunrisers Hyderabad,"All-rounder (Right-hand bat, right-arm off-break)",Right-hand bat,Right-arm off-break
666,Younis Khan,Rajasthan Royals,Batter (Right-hand),Right-hand bat,Right-arm medium
667,YS Chahal,Rajasthan Royals,Spin Bowler (Right-arm leg-spin),Right-hand bat,Right-arm leg-spin
668,Yudhvir Singh,Lucknow Super Giants,Fast Bowler (Right-arm fast-medium),Right-hand bat,Right-arm fast-medium
669,Yuvraj Singh,Kings XI Punjab,"All-rounder (Left-hand bat, left-arm orthodox)",Left-hand bat,Left-arm orthodox
670,YV Dhull,Delhi Capitals,Batter (Right-hand),Right-hand bat,
671,YV Takawale,Royal Challengers Bangalore,Wicketkeeper Batter (Right-hand),Right-hand bat,
672,Z Khan,Mumbai Indians,Fast Bowler (Left-arm fast-medium),Left-hand bat,Left-arm fast-medium
